Name,Day,Date,Time,Ticketed,Ticket Link,Cover Charge,Event ID,Published,Archived,Internal Notes,Created At,Last Updated
Rewind for Dinner,Saturday,7/25/26,1899-12-30 18:30:00,No,N/a,$0.00,evt_b22f84dfb958,No,Yes,,,2026-09-03 13:00:17
Second Creek,Saturday,7/25/26,1899-12-30 22:00:00,No,N/a,$10.00,evt_2996a4b11aea,No,Yes,,,2026-09-03 13:00:46
Slaw Dogs Late Night,Tuesday,7/28/26,1899-12-30 19:00:00,No,N/a,$0.00,evt_b5cdb5a2d72f,No,Yes,,,2026-09-03 13:00:49
Karaoke,Wednesday,7/29/26,1899-12-30 18:00:00,No,N/a,$0.00,evt_78fa66f8737c,No,Yes,,,2026-09-03 13:00:50
Chad Bradford Band for Dinner,Friday,7/31/26,1899-12-30 18:30:00,No,N/A,,evt_94de4b5499bc,No,Yes,,,2026-09-03 13:00:52
Karaoke/ DJ,Friday,7/31/26,1899-12-30 22:00:00,No,N/a,$0.00,evt_6965d40c5ea4,No,Yes,,,2026-09-03 13:00:55
Misfits for Dinner,Saturday,8/1/26,1899-12-30 18:30:00,No,N/a,$0.00,evt_21be15d62057,No,Yes,,,2026-09-03 13:00:57
Music City Misfits,Saturday,8/1/26,1899-12-30 22:00:00,No,N/a,$5.00,evt_a3fabe4c99c3,No,Yes,,,2026-09-03 13:00:59
"Slaw Dogs ""FloBama Sessions""",Tuesday,8/4/26,1899-12-30 19:00:00,No,N/a,$0.00,evt_60b16d6b1e4f,No,Yes,,,2026-09-03 13:01:41
Karaoke,Wednesday,8/5/26,1899-12-30 18:00:00,no,N/a,$0.00,evt_2e9acf1485a4,No,Yes,,,2026-09-03 13:01:45
Chad Bradford Band for Dinner,Thursday,8/6/26,1899-12-30 18:30:00,no,N/a,$0.00,evt_d7914a330e68,No,Yes,,,2026-09-03 13:01:47
Shoal Nuff Band,Friday,8/7/26,1899-12-30 19:00:00,No,N/a,$0.00,evt_48f147401800,No,Yes,,,2026-09-03 13:01:53
Karaoke Late Night,Friday,8/7/26,1899-12-30 22:00:00,No,N/a,$0.00,evt_e97ae492bc33,No,Yes,,,2026-09-03 13:01:49
Southern Breeze for Dinner,Saturday,8/8/26,1899-12-30 18:30:00,No,N/a,$0.00,evt_d6cc3926fa00,No,Yes,,,2026-09-03 13:01:55
Tyler Jones Band Late Night,Saturday,8/8/26,1899-12-30 22:00:00,No,N/a,$5.00,evt_14d4deb83ac8,No,Yes,,,2026-09-03 13:01:56
"Slaw Dogs ""FloBama Sessions""",Tuesday,8/11/26,1899-12-30 19:00:00,No,N/a,$0.00,evt_05bbeffe9774,No,Yes,,,2026-09-03 13:01:59
Karaoke,Wednesday,8/12/26,1899-12-30 18:00:00,No,N/a,$0.00,evt_3e9bccc5a8ae,No,Yes,,,2026-09-03 13:02:01
Chad Bradford Band for Dinner,Thursday,8/13/26,1899-12-30 18:30:00,No,N/a,$0.00,evt_26ba433a33b6,No,Yes,,,2026-09-03 13:02:11
Max Russell and the Shakedown Kings,Friday,8/14/26,1899-12-30 18:30:00,No,N/a,$0.00,evt_bdc47c719ab4,No,Yes,,,2026-09-03 13:02:09
Karaoke/ DJ,Friday,8/14/26,1899-12-30 22:30:00,No,N/A,$0.00,evt_378765c3050a,No,Yes,,,2026-09-03 13:02:07
Contagan,Saturday,08/15/26,1899-12-30 22:00:00,No,N/a,$5.00,evt_95d9f9d1de9c,No,Yes,,,2026-09-03 13:02:04
"Slaw Dogs ""FloBama Sessions""",Tuesday,8/18/26,1899-12-30 19:00:00,No,N/a,$0.00,evt_e2470b6a79a6,No,Yes,,,2026-09-03 13:02:03
Karaoke,Wednesday,8/19/26,1899-12-30 18:00:00,No,N/a,$0.00,evt_114e48f690eb,No,No,,,2026-08-21 15:38:09
Three Wheel Drive,Thursday,8/20/26,1899-12-30 18:30:00,No,N/a,$0.00,evt_03aa9b4a3b6f,No,No,,,2026-08-21 15:38:07
KGB Band,Friday,8/21/26,6:30:00 PM,No,N/a,$0.00,evt_ced35b1645e9,Yes,No,,,
Karaoke/ DJ,Friday,8/21/26,10:00:00 PM,No,N/a,$0.00,evt_8d16679dbfac,Yes,No,,,
Rewind of the Shoals,Saturday,8/22/26,6:30:00 PM,No,N/a,$0.00,evt_51d2beb89f32,Yes,No,,,
Burnout,Saturday,8/22/26,10:00:00 PM,No,N/a,$5.00,evt_8c4eba66a8e5,Yes,No,,,
"Slaw Dogs ""FloBama Sessions""",Tuesday,8/25/26,7:00:00 PM,No,N/a,$0.00,evt_4fb7095084f1,Yes,No,,,
Karaoke,Wednesday,8/26/26,6:00:00 PM,No,N/a,$0.00,evt_7adff755445e,Yes,No,,,
Three Wheel Drive,Thursday,8/27/26,6:30:00 PM,No,N/a,$0.00,evt_4115162e7fe8,Yes,No,,,
Misfits for Dinner,Friday,8/28/26,6:30:00 PM,No,N/a,$0.00,evt_dae8106713df,Yes,No,,,
Karaoke,Friday,8/28/26,1899-12-30 22:00:00,No,N/a,$0.00,evt_c94ee6cd6109,Yes,Yes,,,2026-09-03 13:00:06
Howell Sledge and the Revue,Saturday,8/29/26,1899-12-30 18:30:00,No,N/a,Free,evt_9b42b78780e2,Yes,No,,,2026-08-21 15:32:34
Luke Zellner Late Night,Saturday,8/29/26,10:00:00 PM,No,N/a,$5.00,evt_2370702999e3,Yes,No,,,
"Slaw Dogs ""FloBama Sessions""",Tuesday,9/1/26,7:00:00 PM,No,N/a,$0.00,evt_e20235023614,Yes,No,,,
Karaoke,Wednesday,9/2/26,6:00:00 PM,No,N/a,$0.00,evt_1f17c4d5f85c,Yes,No,,,
Chad Bradford and the Band,Thursday,9/3/26,1899-12-30 18:30:00,No,N/a,,evt_669d99cce5d5,Yes,No,,,2026-09-02 13:25:44
Monkee and the Spank Daddies,Friday,9/4/26,1899-12-30 18:30:00,No,N/a,,evt_d146e8928e80,Yes,No,,,2026-09-02 13:26:38
Karaoke Late Night,Friday,9/4/26,10:00:00 PM,No,N/a,$0.00,evt_7951ac0419f0,Yes,No,,,
Southern Breeze for Dinner,Saturday,9/5/26,6:30:00 PM,No,N/a,$0.00,evt_2be2aaee6441,Yes,No,,,
Dixie Mafia Late Night,Saturday,9/5/26,10:00:00 PM,No,N/a,$5.00,evt_4fc92786ce9c,Yes,No,,,
"Slaw Dogs ""FloBama Sessions""",Tuesday,9/8/26,7:00:00 PM,No,N/a,$0.00,evt_5a5ee0c5516d,Yes,No,,,
Karaoke,Wednesday,9/9/26,6:00:00 PM,No,N/a,$0.00,evt_37a00ac5068a,Yes,No,,,
TBA,Thursday,9/10/26,6:30:00 PM,No,N/a,$0.00,evt_1fec544fb059,Yes,No,,,
TBA,Friday,9/11/26,6:30:00 PM,No,N/a,$0.00,evt_1ea66440e5ee,Yes,No,,,
Karaoke,Friday,9/11/26,10:00:00 PM,No,N/a,$0.00,evt_4321be236423,Yes,No,,,
Deja Vu for Dinner,Saturday,9/12/26,6:30:00 PM,No,N/a,$0.00,evt_e45e1244b7c3,Yes,No,,,
TBA,Saturday,9/12/26,10:00:00 PM,No,N/a,$5.00,evt_74cbf45d3d71,Yes,No,,,
"Slaw Dogs ""FloBama Sessions""",Tuesday,9/15/26,7:00:00 PM,No,N/a,$0.00,evt_ff3d5fb7c529,Yes,No,,,
Karaoke,Wednesday,9/16/26,6:00:00 PM,No,N/a,$0.00,evt_7d973abbcbae,Yes,No,,,
TBA,Thursday,9/17/26,6:30:00 PM,No,N/a,$0.00,evt_a5f1ddbdee66,Yes,No,,,
KGB Band for Dinner,Friday,9/18/26,6:30:00 PM,No,N/a,$0.00,evt_041c895458cd,Yes,No,,,
TBA,Friday,9/18/26,10:00:00 PM,No,N/a,$0.00,evt_edded3f45be6,Yes,No,,,
TBA,Saturday,9/19/26,6:30:00 PM,No,N/a,$0.00,evt_0a8c5492ea5e,Yes,No,,,
Handshake Promise Late Night,Saturday,9/19/26,10:00:00 PM,No,N/a,$5.00,evt_bd19e2aefd44,Yes,No,,,
"Slaw Dogs ""FloBama Sessions""",Tuesday,9/22/26,7:00:00 PM,No,N/a,$0.00,evt_e74f5de6f4d0,Yes,No,,,
Karaoke,Wednesday,9/23/26,6:00:00 PM,No,N/a,$0.00,evt_0ceeeb3e701f,Yes,No,,,
TBA,Thursday,9/24/26,6:30:00 PM,No,N/a,$0.00,evt_ac4c180524e1,Yes,No,,,
Misfits for Dinner,Friday,9/25/26,6:30:00 PM,No,N/a,$0.00,evt_e3b3309b4105,Yes,No,,,
Karaoke late night,Friday,9/25/26,10:00:00 PM,No,N/a,$0.00,evt_ba7ff677ad34,Yes,No,,,
Kirbi Music and Friends (Ticketed Show),Saturday,9/26/26,6:30,Yes,https://mk360.me/flobama-kirbi,$10.00,evt_0fa19689b0a7,Yes,No,,,2026-09-07 14:01:41
TBA,Saturday,9/26/26,10:00:00 PM,No,N/a,$5.00,evt_fe4c38d9e731,Yes,No,,,
Test Event,Monday,2026-08-03,8:00 PM,Yes,zakary.info,Free,evt_7f68387d2e76,No,Yes,,2026-07-31 0:13:57,2026-07-31 1:40:13
Brat Pack Fundraiser,Thursday,2026-08-20,1899-12-30 18:30:00,No,,Free,evt_03aaf221cc4b,No,No,Brat Pack Fundraiser,2026-08-05 9:47:36,2026-08-21 15:38:10
Austin Bohannon & Hunter,Saturday,2026-10-31,6:30 PM,No,,Free,evt_146b134a3707,Yes,No,,2026-09-08 11:13:16,2026-09-08 11:13:16
Austin Bohannon & Hunter (LSU vs Tennessee Game),Saturday,2026-11-21,6:30 PM,No,,Free,evt_dc6a0b2178a2,Yes,No,,2026-09-08 11:16:21,2026-09-08 11:16:21
Austin Bohannon & Hunter (Alabama vs MS State),Saturday,2026-10-03,6:30 PM,No,,Free,evt_b614acb7fc4d,Yes,No,,2026-09-08 11:17:39,2026-09-08 11:18:12